1,Claiborne Sayer,145-846-8201,csayer0@ow.ly
2,Rodd Matts,965-512-9837,rmatts1@pcworld.com
3,Sela Bettleson,708-374-7394,sbettleson2@virginia.edu
4,Roxie McNeice,537-171-2564,rmcneice3@wunderground.com
5,Demeter Pendrigh,422-407-0595,dpendrigh4@economist.com
6,Clarice Farlam,972-691-7523,cfarlam5@toplist.cz
7,Adele Banisch,128-254-4165,abanisch6@ted.com
8,Jerrilee Milland,414-462-7578,jmilland7@wiley.com
9,Regina Lawling,352-813-7884,rlawling8@purevolume.com
10,Minda Warstall,834-181-5857,mwarstall9@ameblo.jp
11,Agace Guilloud,195-512-1587,aguillouda@uiuc.edu
12,Ezekiel Birtonshaw,272-746-8111,ebirtonshawb@biglobe.ne.jp
13,Claudia Colby,190-638-4307,ccolbyc@usnews.com
14,Orel Knowling,846-416-1732,oknowlingd@vistaprint.com
15,Toinette McCoughan,647-267-1053,tmccoughane@newsvine.com
16,Veradis Zanetello,651-892-5287,vzanetellof@github.com
17,Flor McCloch,302-181-0128,fmcclochg@mozilla.org
18,Mohandis Clowton,167-577-2211,mclowtonh@myspace.com
19,Jere Vasyukhin,119-603-7707,jvasyukhini@army.mil
20,Kristien Chantillon,802-381-9349,kchantillonj@illinois.edu
21,Moria Cordingly,426-335-4730,mcordinglyk@desdev.cn
22,Judie Vasile,945-919-3740,jvasilel@economist.com
23,Vitoria Kither,243-844-6203,vkitherm@diigo.com
24,Diann Gennings,540-828-2922,dgenningsn@shutterfly.com
25,Anna-diane Weeke,932-111-5211,aweekeo@soup.io
26,Leanor Frunks,873-502-0475,lfrunksp@dropbox.com
27,Paddy Sheerman,516-955-6838,psheermanq@disqus.com
28,Ilysa Ludvigsen,543-496-1291,iludvigsenr@live.com
29,Dawna Stuckford,107-682-0943,dstuckfords@bravesites.com
30,Melissa Lammie,927-270-0690,mlammiet@mashable.com
31,Ginelle Barajas,920-438-7515,gbarajasu@shop-pro.jp
32,Danita Lemoir,309-644-0027,dlemoirv@washingtonpost.com
33,Elvis Newberry,559-980-0573,enewberryw@slashdot.org
34,Toiboid Krystof,763-756-8695,tkrystofx@webs.com
35,Elwin Windrass,463-844-4794,ewindrassy@opensource.org
36,Putnam Brimming,540-476-1393,pbrimmingz@comsenz.com
37,Ingeborg Maynell,889-414-6702,imaynell10@gov.uk
38,Rosalyn Adolphine,334-190-3988,radolphine11@privacy.gov.au
39,Temple Hodgets,128-200-9128,thodgets12@slashdot.org
40,Issie Gaucher,780-895-7700,igaucher13@google.fr
41,Dorris Speedy,643-182-6634,dspeedy14@google.nl
42,Rory Tilne,989-862-1485,rtilne15@auda.org.au
43,Aldon Wint,160-174-5260,awint16@oakley.com
44,Paule Adrien,819-667-5445,padrien17@examiner.com
45,Fiann Hurley,185-497-1325,fhurley18@hc360.com
46,Dredi Vashchenko,580-772-3202,dvashchenko19@hatena.ne.jp
47,Maximo Fipp,934-902-5585,mfipp1a@youtu.be
48,Benetta Kringe,566-211-1719,bkringe1b@fda.gov
49,Novelia Vesque,112-343-6668,nvesque1c@symantec.com
50,Ketty Kahan,244-274-8466,kkahan1d@chron.com
51,Glory Wyldish,707-896-4992,gwyldish1e@is.gd
52,Rebeca Chapling,809-412-5546,rchapling1f@soup.io
53,Vannie Chafney,142-856-2271,vchafney1g@chron.com
54,Helaina Rittmeyer,862-320-3278,hrittmeyer1h@cnn.com
55,Alayne Abrahamsohn,546-605-8003,aabrahamsohn1i@webmd.com
56,Sheppard Lippini,343-575-6428,slippini1j@github.com
57,Ches Nolli,576-978-7304,cnolli1k@cbslocal.com
58,Yalonda McGauhy,528-184-5984,ymcgauhy1l@odnoklassniki.ru
59,Sharia Deboick,415-221-3867,sdeboick1m@cnbc.com
60,Lindi Pavier,194-473-1990,lpavier1n@umn.edu
61,Tadio Bims,613-764-7322,tbims1o@illinois.edu
62,Risa Barten,450-841-8821,rbarten1p@sbwire.com
63,Norry Longlands,952-108-2762,nlonglands1q@twitter.com
64,Alyss Stockey,381-991-4563,astockey1r@wp.com
65,Karlene Verrick,111-521-4196,kverrick1s@reverbnation.com
66,Hersch Lethley,980-711-9575,hlethley1t@spotify.com
67,Michail Ganford,272-986-3081,mganford1u@google.com
68,Lenore Laxon,719-478-9743,llaxon1v@themeforest.net
69,Joelly Dumbar,851-862-3234,jdumbar1w@rediff.com
70,Carling Bru,669-649-7671,cbru1x@nba.com
71,Cordelia Gaythwaite,969-915-6354,cgaythwaite1y@people.com.cn
72,Bernelle O'Shesnan,249-207-1192,boshesnan1z@wunderground.com
73,Garreth Basile,820-201-2106,gbasile20@squidoo.com
74,Siobhan Andree,795-103-9546,sandree21@nifty.com
75,Feliza Leamon,963-630-8801,fleamon22@unc.edu
76,Way Read,704-364-9850,wread23@stumbleupon.com
77,Letizia Gallatly,141-703-5879,lgallatly24@creativecommons.org
78,Nicoline Janiak,643-890-5504,njaniak25@elpais.com
79,Pierce Stinson,909-643-0832,pstinson26@myspace.com
80,Jdavie Stonier,178-328-6665,jstonier27@unesco.org
81,Rose Imesen,286-961-5368,rimesen28@discovery.com
82,Inger Sprackling,997-891-2564,isprackling29@bloglovin.com
83,Amabel Northfield,752-919-9851,anorthfield2a@hp.com
84,Lorette Shankster,836-411-2671,lshankster2b@cafepress.com
85,Tracie Mill,962-967-1037,tmill2c@mysql.com
86,Audra Gibbons,326-436-8003,agibbons2d@nymag.com
87,Fairlie Gildea,801-781-8666,fgildea2e@hugedomains.com
88,Neils McKinley,699-534-3794,nmckinley2f@gmpg.org
89,Carolus Matteini,452-636-6326,cmatteini2g@state.tx.us
90,Darla Dawidowsky,918-802-5095,ddawidowsky2h@eepurl.com
91,Addie Denizet,160-129-2135,adenizet2i@fotki.com
92,Maudie Swanton,626-303-6871,mswanton2j@unicef.org
93,Dusty Jouanny,429-251-7653,djouanny2k@github.com
94,Jone Harsent,520-208-4548,jharsent2l@oracle.com
95,Rowland Braycotton,104-391-4249,rbraycotton2m@sphinn.com
96,Angel Beddon,520-661-2472,abeddon2n@php.net
97,Benoite Dreini,744-368-1117,bdreini2o@hostgator.com
98,Berny Fraschini,969-509-6429,bfraschini2p@spiegel.de
99,Moria Cordero,650-936-1946,mcordero2q@indiegogo.com
100,Pierette Casari,980-421-6819,pcasari2r@exblog.jp
101,Leese Chalfont,804-370-5551,lchalfont2s@washington.edu
102,Cicily Panter,123-316-5040,cpanter2t@stumbleupon.com
103,Moore Haselhurst,980-580-4469,mhaselhurst2u@nydailynews.com
104,Sheilah Pereira,226-545-3252,spereira2v@nymag.com
105,Ennis Horsewood,618-740-7848,ehorsewood2w@ucoz.com
106,Hermione Ateggart,964-223-7019,hateggart2x@usatoday.com
107,Tandy Warbys,882-692-0360,twarbys2y@miitbeian.gov.cn
108,Natty Scothron,537-136-8375,nscothron2z@fda.gov
109,Delmor Durden,126-463-2405,ddurden30@bizjournals.com
110,Mella Chippindale,747-834-0318,mchippindale31@canalblog.com
111,Kari Palmar,337-459-2999,kpalmar32@aol.com
112,Veronika Larwood,963-239-6290,vlarwood33@stumbleupon.com
113,Guthry Faley,201-354-5345,gfaley34@dailymotion.com
114,Erastus Swoffer,577-950-1048,eswoffer35@zimbio.com
115,Rosemary Binnie,192-930-0160,rbinnie36@livejournal.com
116,Niki Wybrew,714-568-4395,nwybrew37@ibm.com
117,Onfroi Bonifas,645-840-8105,obonifas38@quantcast.com
118,Sibelle Simone,945-176-8152,ssimone39@china.com.cn
119,Jami MacGowan,483-819-5243,jmacgowan3a@mayoclinic.com
120,Barris Stubs,819-449-1838,bstubs3b@hibu.com
121,Eugene Burrill,910-635-9762,eburrill3c@issuu.com
122,Denys Eve,705-125-2156,deve3d@privacy.gov.au
123,Phoebe Cosstick,724-814-0049,pcosstick3e@360.cn
124,Rubie Bellin,441-196-2045,rbellin3f@time.com
125,Drona Barfield,511-136-4599,dbarfield3g@nifty.com
126,Jayme Pithcock,131-782-0388,jpithcock3h@bbb.org
127,Billi Cowsby,283-616-7799,bcowsby3i@netvibes.com
128,Brose Kincey,445-936-3552,bkincey3j@washingtonpost.com
129,Phineas Korneichik,920-470-6042,pkorneichik3k@ft.com
130,Wenonah Whifen,738-657-8174,wwhifen3l@infoseek.co.jp
131,Felike Anthoney,661-405-2316,fanthoney3m@t-online.de
132,Nicolais Roads,968-118-2608,nroads3n@washington.edu
133,Barri Cessford,808-566-9535,bcessford3o@google.fr
134,Devinne Casiroli,477-275-4579,dcasiroli3p@hubpages.com
135,Joanie Jickells,305-532-4316,jjickells3q@redcross.org
136,Federico Frusher,708-716-9582,ffrusher3r@over-blog.com
137,Niles Featherston,105-807-7736,nfeatherston3s@usda.gov
138,Mattias Barnwille,545-890-3946,mbarnwille3t@hud.gov
139,Ashlee McLugish,439-813-3590,amclugish3u@oracle.com
140,Rafael Koppe,600-120-2708,rkoppe3v@nymag.com
141,Karina Gaythwaite,611-560-5315,kgaythwaite3w@mediafire.com
142,Karleen Desson,329-273-1145,kdesson3x@github.com
143,Shandee Gabb,113-976-4920,sgabb3y@ucsd.edu
144,Fax Stryde,373-332-7983,fstryde3z@cnet.com
145,Cob Oliphard,320-470-7550,coliphard40@angelfire.com
146,Honor Chiswell,662-574-0887,hchiswell41@omniture.com
147,Bradan Mottershaw,960-378-1609,bmottershaw42@abc.net.au
148,Allys Smeuin,912-993-9077,asmeuin43@diigo.com
149,Helge Clement,725-786-9431,hclement44@newsvine.com
150,Fleurette Demageard,283-299-9753,fdemageard45@businessweek.com
151,Hobart Glenwright,412-179-1469,hglenwright46@netlog.com
152,Kellen Jesteco,419-928-3388,kjesteco47@craigslist.org
153,Malanie Southcomb,187-968-3089,msouthcomb48@google.com.br
154,Westbrook Lamp,502-209-6552,wlamp49@squarespace.com
155,Wendel Lantaph,492-102-5454,wlantaph4a@yellowbook.com
156,Arie Ciccottio,467-161-8690,aciccottio4b@quantcast.com
157,Leeanne Flowith,904-226-8184,lflowith4c@rediff.com
158,Tobe Clague,970-686-0050,tclague4d@last.fm
159,Ethe Tow,621-553-6552,etow4e@over-blog.com
160,Garey Trustrie,540-822-3209,gtrustrie4f@weather.com
161,Augie Carling,599-743-2530,acarling4g@qq.com
162,Elfrieda Timlett,756-675-7824,etimlett4h@ucoz.ru
163,Leigh Owthwaite,263-837-8691,lowthwaite4i@icq.com
164,Kahaleel Pimmocke,654-617-3927,kpimmocke4j@accuweather.com
165,Joyous Buckston,170-130-0634,jbuckston4k@thetimes.co.uk
166,Arlin Claussen,318-495-2447,aclaussen4l@statcounter.com
167,Nathalia Ludy,374-581-7213,nludy4m@list-manage.com
168,Harp Vellden,412-678-4672,hvellden4n@cdc.gov
169,Trisha Blacksell,236-299-0057,tblacksell4o@over-blog.com
170,Basia Fawlkes,302-280-0899,bfawlkes4p@upenn.edu
171,Taber Sawford,744-493-2252,tsawford4q@youtu.be
172,Jim Laslett,708-143-3070,jlaslett4r@google.com.br
173,Glenda Gapper,735-781-5577,ggapper4s@smugmug.com
174,Carlina Marfield,317-728-6149,cmarfield4t@themeforest.net
175,Vallie Broxap,991-831-5928,vbroxap4u@webeden.co.uk
176,Ivie De Bell,357-226-6517,ide4v@jugem.jp
177,Hillel Izkoveski,407-511-2776,hizkoveski4w@biglobe.ne.jp
178,Matilda Bafford,653-237-3073,mbafford4x@mit.edu
179,Tillie Withey,677-880-3330,twithey4y@booking.com
180,Arel Capenor,476-533-4960,acapenor4z@businessweek.com
181,Jabez Humpherson,748-198-4160,jhumpherson50@howstuffworks.com
182,Karlis Bainton,658-492-4304,kbainton51@senate.gov
183,Abramo Chilley,865-863-0565,achilley52@woothemes.com
184,Alverta Vannacci,190-927-2266,avannacci53@storify.com
185,Ginger Dresche,197-642-2541,gdresche54@4shared.com
186,Opaline Gilluley,174-832-0985,ogilluley55@slashdot.org
187,Zebulen Genty,164-186-3016,zgenty56@behance.net
188,Una Saffran,763-602-5528,usaffran57@house.gov
189,Gerald Dukesbury,860-736-2056,gdukesbury58@mtv.com
190,Mildrid Renon,701-724-5492,mrenon59@msn.com
191,Mickie Nulty,924-666-1914,mnulty5a@oaic.gov.au
192,Charlene Bello,273-524-8654,cbello5b@desdev.cn
193,Tabor Meijer,602-690-1556,tmeijer5c@tinypic.com
194,Rebekah Hinrichsen,805-476-3695,rhinrichsen5d@canalblog.com
195,Cyril Carbonell,168-167-0455,ccarbonell5e@mlb.com
196,Brodie Rosina,172-560-8057,brosina5f@blogtalkradio.com
197,Marie-ann Grundell,260-441-5768,mgrundell5g@forbes.com
198,Shellysheldon Bryns,441-422-8726,sbryns5h@cam.ac.uk
199,Spense Ortells,904-806-3796,sortells5i@who.int
200,Seline Rimington,231-954-3462,srimington5j@webnode.com
201,Brigit Guest,584-736-3687,bguest5k@addtoany.com
202,Fanchette Shearmer,216-762-8200,fshearmer5l@geocities.com
203,Marieann Ojeda,192-141-3268,mojeda5m@github.io
204,Lanna Catterall,796-592-4914,lcatterall5n@blinklist.com
205,Sadie Linggood,800-848-1813,slinggood5o@domainmarket.com
206,Gwendolen Astbury,704-778-5959,gastbury5p@sphinn.com
207,Austine Spillard,369-178-2161,aspillard5q@smh.com.au
208,Catherina Ollander,233-833-2503,collander5r@discuz.net
209,Upton Zavittieri,700-244-9701,uzavittieri5s@alibaba.com
210,Greggory Wybron,672-323-4073,gwybron5t@google.nl
211,Melonie Gouldsmith,944-828-5582,mgouldsmith5u@sourceforge.net
212,Zerk Balderson,792-594-7876,zbalderson5v@gizmodo.com
213,Bron Lemmanbie,155-587-4890,blemmanbie5w@yellowpages.com
214,Othelia Zaczek,484-561-3369,ozaczek5x@moonfruit.com
215,Ariella Grievson,151-483-2817,agrievson5y@e-recht24.de
216,Vivyan Cheevers,790-858-2545,vcheevers5z@economist.com
217,Consuelo Darlington,520-544-9477,cdarlington60@ucoz.ru
218,Eldredge Hucks,268-633-8825,ehucks61@typepad.com
219,Jerrold Gossage,928-303-7704,jgossage62@taobao.com
220,Gracie Blumire,263-733-6893,gblumire63@wp.com
221,Melamie Camelli,147-711-1083,mcamelli64@upenn.edu
222,Miran Scrivens,344-872-4233,mscrivens65@networkadvertising.org
223,Marni Piola,188-383-3626,mpiola66@yahoo.com
224,Cayla Boffin,933-830-9395,cboffin67@businesswire.com
225,Karrie MacAdie,728-619-9032,kmacadie68@is.gd
226,Bonni Russi,274-856-2832,brussi69@toplist.cz
227,Emile Grimsditch,410-487-6346,egrimsditch6a@canalblog.com
228,Almeta Paulot,864-373-6226,apaulot6b@rakuten.co.jp
229,Jessi Goligher,124-382-4147,jgoligher6c@vinaora.com
230,Joyann Witherington,532-658-0105,jwitherington6d@theguardian.com
231,Hinda Boddice,282-113-5456,hboddice6e@ustream.tv
232,Rutter Itzkovich,880-425-2835,ritzkovich6f@mediafire.com
233,Kerrie Phaup,890-845-3190,kphaup6g@google.nl
234,Roman Olyfant,449-440-8252,rolyfant6h@china.com.cn
235,Adlai Ardron,748-827-9262,aardron6i@hubpages.com
236,Gracia Essel,892-432-8290,gessel6j@soup.io
237,Marlene Gorcke,713-168-7281,mgorcke6k@jigsy.com
238,Julieta Hollingshead,657-519-6532,jhollingshead6l@blogs.com
239,Lauree Tevlin,100-296-0115,ltevlin6m@indiatimes.com
240,Natala Bayman,466-334-5187,nbayman6n@lulu.com
241,Georgina Lamba,366-378-1307,glamba6o@google.com.au
242,Charyl Tocqueville,419-324-1864,ctocqueville6p@freewebs.com
243,Zak Hammond,499-568-9304,zhammond6q@army.mil
244,Meredeth Durbann,245-360-7720,mdurbann6r@shinystat.com
245,Aristotle Baldacchi,885-870-7748,abaldacchi6s@vk.com
246,Victoir Berggren,422-484-8005,vberggren6t@nyu.edu
247,Aldo Grayson,509-384-0807,agrayson6u@dropbox.com
248,Kerr Screas,692-649-8131,kscreas6v@washingtonpost.com
249,Weylin Renhard,923-797-4182,wrenhard6w@flickr.com
250,Nealon Matuszak,160-216-5336,nmatuszak6x@patch.com
251,Sammie Augie,744-350-3391,saugie6y@netlog.com
252,Dagmar McWhorter,710-219-0837,dmcwhorter6z@edublogs.org
253,Jamima Sansbury,240-715-9076,jsansbury70@prnewswire.com
254,Klement Brydon,910-942-5621,kbrydon71@mac.com
255,Annemarie Lafford,676-867-1089,alafford72@bigcartel.com
256,Lianne Boow,300-314-1565,lboow73@wordpress.com
257,Susanna Crosskill,556-524-8845,scrosskill74@squarespace.com
258,Jeffry Vany,932-406-9023,jvany75@surveymonkey.com
259,Ermina Morat,579-233-5439,emorat76@pcworld.com
260,Stepha Redholes,807-506-4323,sredholes77@google.pl
261,Egor Severy,205-518-7727,esevery78@sitemeter.com
262,Brunhilda McLeod,737-864-9868,bmcleod79@wikia.com
263,Veronike Teacy,802-257-7538,vteacy7a@jugem.jp
264,Ethelred Joynson,390-363-5217,ejoynson7b@meetup.com
265,Torry Meekings,770-301-6652,tmeekings7c@imageshack.us
266,Trixie Blazejewski,127-358-3446,tblazejewski7d@wordpress.org
267,Melisent Pratt,895-363-2305,mpratt7e@fda.gov
268,Thea Twinbourne,222-148-6239,ttwinbourne7f@123-reg.co.uk
269,Francesca Oldale,311-465-5807,foldale7g@pcworld.com
270,Dotti Weddeburn,787-527-0089,dweddeburn7h@elpais.com
271,Jarrod Restill,412-734-2426,jrestill7i@joomla.org
272,Nathalia Julian,397-550-8503,njulian7j@geocities.com
273,Deirdre Gratrex,194-787-9066,dgratrex7k@pbs.org
274,Wandie Reah,997-124-0747,wreah7l@virginia.edu
275,Rena Allgood,972-599-4910,rallgood7m@yahoo.com
276,Rex Shere,543-417-1690,rshere7n@baidu.com
277,George Rozalski,566-412-6017,grozalski7o@canalblog.com
278,Perice Bulbeck,452-138-0996,pbulbeck7p@live.com
279,Trev Clowton,917-225-6646,tclowton7q@forbes.com
280,Tabitha Andrysiak,328-956-0624,tandrysiak7r@usatoday.com
281,Yorgo Romayn,478-578-9377,yromayn7s@dailymotion.com
282,Sherri MacCartan,595-753-8054,smaccartan7t@tripod.com
283,Corabella Sailor,559-614-8659,csailor7u@webnode.com
284,Rafi Good,450-739-5359,rgood7v@ucla.edu
285,Rolf Whewill,908-728-6735,rwhewill7w@dailymotion.com
286,Nestor Cantopher,734-864-6227,ncantopher7x@cbslocal.com
287,Jeffy Stanislaw,850-637-0485,jstanislaw7y@google.co.uk
288,Kevan Mellmer,107-579-6907,kmellmer7z@telegraph.co.uk
289,Camille Honacker,837-947-4129,chonacker80@twitpic.com
290,Hillyer Siddle,126-821-9868,hsiddle81@soup.io
291,Poppy Blanpein,604-937-7456,pblanpein82@house.gov
292,Byrle Harvatt,670-457-8112,bharvatt83@pen.io
293,Kyla MacDonough,117-998-0887,kmacdonough84@1und1.de
294,Helga Stonhouse,724-697-9683,hstonhouse85@rakuten.co.jp
295,Scottie Glenfield,963-506-1119,sglenfield86@istockphoto.com
296,Dona Bullivent,893-888-9722,dbullivent87@marriott.com
297,Jillane Jubert,611-559-3761,jjubert88@comsenz.com
298,Griffith Brownsett,864-107-1245,gbrownsett89@parallels.com
299,Ashely Meredyth,396-261-6922,ameredyth8a@comsenz.com
300,Beverly Ianizzi,527-853-8396,bianizzi8b@goo.ne.jp
301,Cristy Lill,493-713-3469,clill8c@360.cn
302,Kayne Baythorp,331-236-4508,kbaythorp8d@wsj.com
303,Gasper Whannel,478-703-7960,gwhannel8e@miitbeian.gov.cn
304,Ethelbert Jonke,403-840-3729,ejonke8f@sakura.ne.jp
305,Korry Eames,989-733-9112,keames8g@fotki.com
306,Erhard Sexten,615-672-5521,esexten8h@hao123.com
307,Emilia Trengrouse,944-476-8643,etrengrouse8i@google.co.uk
308,Gigi Rentelll,718-872-6064,grentelll8j@dropbox.com
309,Martyn Quail,782-437-5066,mquail8k@simplemachines.org
310,Anett Oselton,425-626-6106,aoselton8l@alexa.com
311,Amata Lind,503-108-3968,alind8m@surveymonkey.com
312,Lorry Traynor,738-797-5034,ltraynor8n@e-recht24.de
313,Arabella Ragdale,651-338-4902,aragdale8o@buzzfeed.com
314,Vallie Espada,811-149-4819,vespada8p@addthis.com
315,Aldwin Siebart,282-919-4114,asiebart8q@answers.com
316,Paulina Stainsby,295-421-7218,pstainsby8r@amazon.com
317,Row Clemonts,529-822-4557,rclemonts8s@ucoz.ru
318,Mychal Huster,848-593-0733,mhuster8t@friendfeed.com
319,Othelia Etheredge,911-991-5417,oetheredge8u@drupal.org
320,Devinne Adkins,271-977-2487,dadkins8v@npr.org
321,Kare Osgar,333-569-1043,kosgar8w@businessweek.com
322,Kalila Meadus,220-652-9810,kmeadus8x@scribd.com
323,Dee dee Madders,942-274-7825,ddee8y@netvibes.com
324,Pietro Breeze,877-928-6100,pbreeze8z@blinklist.com
325,Freeman Brackstone,341-688-2380,fbrackstone90@wikispaces.com
326,Pammie Soame,111-121-5674,psoame91@ow.ly
327,Prentiss Chang,300-854-3626,pchang92@mit.edu
328,Sollie Krysiak,679-626-3515,skrysiak93@digg.com
329,Sid Wagenen,527-726-6664,swagenen94@youtu.be
330,Janie Howis,310-163-9591,jhowis95@ow.ly
331,Kermit Twell,165-835-6021,ktwell96@soundcloud.com
332,Margarita Stobbes,438-581-2352,mstobbes97@usa.gov
333,Odo Asif,852-458-0831,oasif98@technorati.com
334,Barde Mallam,109-158-8368,bmallam99@free.fr
335,Padgett Willas,147-295-8492,pwillas9a@ox.ac.uk
336,Dulcinea Belvard,231-283-2110,dbelvard9b@globo.com
337,Lazar Ireland,281-165-9830,lireland9c@marriott.com
338,Valentino Haville,196-327-1491,vhaville9d@irs.gov
339,Sylas Tregenna,202-667-7095,stregenna9e@issuu.com
340,Malchy Gage,458-397-7999,mgage9f@linkedin.com
341,Redd Ondracek,715-783-9135,rondracek9g@nydailynews.com
342,Katey Lockhead,634-708-0257,klockhead9h@t.co
343,Margarette Krinks,736-126-9232,mkrinks9i@toplist.cz
344,Joly Radband,798-499-4719,jradband9j@friendfeed.com
345,Hube Lamport,362-591-3589,hlamport9k@miibeian.gov.cn
346,Dusty Andrieu,672-921-7239,dandrieu9l@amazon.de
347,Barnebas Crosdill,191-392-5516,bcrosdill9m@amazon.com
348,Rahal Vivien,600-434-2702,rvivien9n@uol.com.br
349,Odie Pariso,523-164-1076,opariso9o@prnewswire.com
350,Retha De Mattei,259-663-2454,rde9p@vinaora.com
351,Laurianne O'Caine,704-370-6260,locaine9q@constantcontact.com
352,Elnore Linneman,109-715-9647,elinneman9r@sciencedirect.com
353,Dillie Probbin,387-522-5972,dprobbin9s@oracle.com
354,Rosamund Lohan,670-705-9248,rlohan9t@china.com.cn
355,Modestine Dunkerton,325-789-6128,mdunkerton9u@vistaprint.com
356,Sigfried Corran,395-793-5942,scorran9v@pbs.org
357,Mozes Healks,285-792-5186,mhealks9w@creativecommons.org
358,Tresa Canny,515-262-8475,tcanny9x@narod.ru
359,Burg Seys,331-379-1743,bseys9y@quantcast.com
360,Herby MacLeese,123-752-4755,hmacleese9z@1688.com
361,Esther Teese,185-416-3426,eteesea0@springer.com
362,Meagan Luna,304-812-0576,mlunaa1@amazon.de
363,Claudius MacMaykin,964-297-6841,cmacmaykina2@huffingtonpost.com
364,Ulrick Timbs,910-951-5708,utimbsa3@google.ca
365,Cindi Helm,786-528-9525,chelma4@prnewswire.com
366,Sada Lucio,149-955-2904,slucioa5@google.ca
367,Korella Rea,894-296-1777,kreaa6@tinypic.com
368,Filip Baddow,676-770-0395,fbaddowa7@senate.gov
369,Jeffrey Rodell,372-612-4993,jrodella8@toplist.cz
370,Rhetta Heigho,635-886-4515,rheighoa9@ucoz.ru
371,Thurston Bowser,799-422-1914,tbowseraa@delicious.com
372,Irena Carrane,186-666-6277,icarraneab@wordpress.org
373,Mendel Grisard,590-734-3273,mgrisardac@altervista.org
374,Yasmeen Poll,366-369-9612,ypollad@ask.com
375,Beilul Kidney,634-986-2298,bkidneyae@yolasite.com
376,Berry Jacmard,565-823-4498,bjacmardaf@google.ca
377,Shirl Jeannenet,692-315-0697,sjeannenetag@drupal.org
378,Felicio Isenor,860-437-6464,fisenorah@homestead.com
379,Claudetta Dutch,949-201-6932,cdutchai@globo.com
380,Germain Bruntjen,954-281-8293,gbruntjenaj@mashable.com
381,Ignazio Garford,699-486-4215,igarfordak@kickstarter.com
382,Corliss Oldred,839-893-7465,coldredal@gmpg.org
383,Arleta Tichelaar,536-850-6989,atichelaaram@indiegogo.com
384,Garry Hughill,832-280-3366,ghughillan@arizona.edu
385,Palmer Callf,513-371-6606,pcallfao@last.fm
386,Conney Gustus,337-230-5028,cgustusap@blinklist.com
387,Priscilla Roscher,987-733-6282,proscheraq@newsvine.com
388,Abie Boleyn,935-203-8220,aboleynar@nifty.com
389,Gizela Dilon,900-245-6346,gdilonas@washington.edu
390,Allina Ingreda,487-190-2952,aingredaat@hibu.com
391,Jorgan Bennit,706-944-8382,jbennitau@npr.org
392,Jinny Broxholme,890-965-7016,jbroxholmeav@shareasale.com
393,Jemmie Leftridge,904-236-8809,jleftridgeaw@ca.gov
394,Hermione Fairey,481-116-1536,hfaireyax@4shared.com
395,Livvyy Harmond,252-183-0147,lharmonday@cam.ac.uk
396,Priscella Wellard,926-195-8520,pwellardaz@weather.com
397,Karlis Osanne,915-672-4500,kosanneb0@canalblog.com
398,Lona Kettleson,583-416-1638,lkettlesonb1@eepurl.com
399,Adel de Tocqueville,345-864-8931,adeb2@paginegialle.it
400,Stefan Haslin,234-900-1464,shaslinb3@cbc.ca
